NAME,VARIANT NAMES,BIRTH NAME,SI.UNIT,SPOUSE,regex_formulas,regex_formulas_variants,regex_formulas_spouse,last_name,first_name,middle_name,Q.Number.1
"Andre, Constance Greenman",Constance Andre| Constance G. Andre,,NASM,,(C(\.|onstance)* )(G(\.|reenman)* )*Andre,((C(\.|onstance)* )Andre|(C(\.|onstance)* )(G(\.|)* )*Andre),,Andre,Constance,Greenman,Q110551734
Arline Leary,,,SAO,,(A(\.|rline)* )Leary,,,Leary,Arline,,
"Awl, Aime M. ",Mrs. Awl| Ami Motter Awl| Amy Rebecca Motter,Motter,NMNH,Francis Asbury Awl,(A(\.|ime)* )(M(\.|)* )*Awl,((M(\.|rs)* )Awl|(A(\.|mi)* )(M(\.|otter)* )*Awl|(A(\.|my)* )(R(\.|ebecca)* )*Motter),(F(\.|rancis)* )(A(\.|sbury)* )*Awl,Awl,Aime,M,Q109588174
"Barber, C. V.",,,SAO,,(C(\.|)* )(V(\.|)* )*Barber,,,Barber,C,V,Q109588163
"Beach, Jessie G.",Jessie G. Beach| Jessie G. Beech| Jessie Beach,Beach ,NMNH,,(J(\.|essie)* )(G(\.|)* )*Beach,((J(\.|essie)* )(G(\.|)* )*Beach|(J(\.|essie)* )(G(\.|)* )*Beech|(J(\.|essie)* )Beach),,Beach,Jessie,G,Q108536179
"Beech, Olive Ann Mellor",Olive Ann Mellor Beech| Olive Beech| O. A. Beech,Mellor,NASM,,(O(\.|live)* )(A(\.|nn)* )*(M(\.|ellor)* )*Beech,((O(\.|live)* )(A(\.|nn)* )*(M(\.|ellor)* )*Beech|(O(\.|live)* )Beech|(O(\.|)* )(A(\.|)* )*Beech),,Beech,Olive,Ann Mellor,Q536719
"Bell, Barbara",,,SAO,,(B(\.|arbara)* )Bell,,,Bell,Barbara,,Q109500617
"Berdan, Jean Milton",Jean Milton Berdan| Jean Berdan| Jean M. Berdan| ,,NMNH,,(J(\.|ean)* )(M(\.|ilton)* )*Berdan,,,Berdan,Jean,Milton,Q6171199
"Berger, Tillie ",Tillie E. Hollis Berger| T. H. Berger| Mrs. Berger| Tillie E. Hollis,Hollis,NMNH,John H Berger,(T(\.|illie)* )Berger,((T(\.|illie)* )(E(\.|)* )*(H(\.|ollis)* )*Berger|(T(\.|)* )(H(\.|)* )*Berger|(M(\.|rs)* )Berger|(T(\.|illie)* )(E(\.|)* )*Hollis),(J(\.|ohn)* )(H(\.|)* )*Berger,Berger,Tillie,,Q109588177
"Billups, Karla",Karla E. Billups| Karla E. Philip Billups,Billups,NMNH,,(K(\.|arla)* )Billups,((K(\.|arla)* )(E(\.|)* )*Billups|(K(\.|arla)* )(E(\.|)* )*(P(\.|hilip)* )*Billups),,Billups,Karla,,
"Blake, Doris Holmes",Doris Holmes Blake| Doris Holmes,Holmes,NMNH,Blake,(D(\.|oris)* )(H(\.|olmes)* )*Blake,((D(\.|oris)* )(H(\.|olmes)* )*Blake|(D(\.|oris)* )Holmes),,Blake,Doris,Holmes,Q5297944
"Bond, Gladys T.",Gladys Thurlby Bond| Mrs. A. M. Bond| Mrs. Bond| Gladys Bond| Gladys Leona Thurlby| Gladys Leona Thurlby Bond,Thurlby,SAO,Albin Marion Bond,(G(\.|ladys)* )(T(\.|)* )*Bond,((G(\.|ladys)* )(T(\.|hurlby)* )*Bond|(M(\.|rs)* )(A(\.|)* )*(M(\.|)* )*Bond|(M(\.|rs)* )Bond|(G(\.|ladys)* )Bond|(G(\.|ladys)* )(L(\.|eona)* )*Thurlby|(G(\.|ladys)* )(L(\.|eona)* )*(T(\.|hurlby)* )*Bond),(A(\.|lbin)* )(M(\.|arion)* )*Bond,Bond,Gladys,T,Q108492629
"Boone, Pearl Lee",Lee Boone| Pearl Boone| PL Boone,,NMNH,,(P(\.|earl)* )(L(\.|ee)* )*Boone,((L(\.|ee)* )Boone|(P(\.|earl)* )Boone|(P(\.|L)* )Boone),,Boone,Pearl,Lee,Q56289965
"Calderon, Cleofe",Cleofe E. Calderon| Cleofe Elsa Calderon| Mrs. Magoo,,NMNH,,(C(\.|leofe)* )Calderon,((C(\.|leofe)* )(E(\.|)* )*Calderon|(C(\.|leofe)* )(E(\.|lsa)* )*Calderon|(M(\.|rs)* )Magoo),,Calderon,Cleofe,,Q8347261
"Cannon, Susan Faye",Susan Faye Cannon| Susan Cannon| Walter Faw Cannon,Cannon,NMAH,,(S(\.|usan)* )(F(\.|aye)* )*Cannon,((S(\.|usan)* )(F(\.|aye)* )*Cannon|(S(\.|usan)* )Cannon|(W(\.|alter)* )(F(\.|aw)* )*Cannon),,Cannon,Susan,Faye,Q7647814
"Chase, Florence Meier",Florence Elizabeth Meier Chase|  Dr. Meier| Dr. Florence Meier Chase| Florence E. Meier| Florence E. Meier Chase| Florence Meier| Mrs. Chase ,Meier,SAO/RBL,,(F(\.|lorence)* )(M(\.|eier)* )*Chase,((F(\.|lorence)* )(E(\.|lizabeth)* )*(M(\.|eier)* )*Chase|(D(\.|r)* )Meier|(D(\.|r)* )(F(\.|lorence)* )*(M(\.|eier)* )*Chase|(F(\.|lorence)* )(E(\.|)* )*Meier|(F(\.|lorence)* )(E(\.|)* )*(M(\.|eier)* )*Chase|(F(\.|lorence)* )Meier|(M(\.|rs)* )Chase),,Chase,Florence,Meier,Q5460713
"Chase, Mary Agnes",Mary Agnes Meara Chase| Agnes Chase,Meara ,NMNH,William Ingraham Chase,(M(\.|ary)* )(A(\.|gnes)* )*Chase,((M(\.|ary)* )(A(\.|gnes)* )*(M(\.|eara)* )*Chase|(A(\.|gnes)* )Chase),(W(\.|illiam)* )(I(\.|ngraham)* )*Chase,Chase,Mary,Agnes,Q3822242
"Chitwood, May Belle Hutson",Mabelle Chitwood| Maybelle Hutson Chitwood| Maybelle Chitwood| Mabelle Hutson| May Belle Chitwood| M. B. Chitwood| Maebelle Chitwood,Hutson,NZP/NMNH,,(M(\.|ay)* )(B(\.|elle)* )*(H(\.|utson)* )*Chitwood,((M(\.|abelle)* )Chitwood|(M(\.|aybelle)* )(H(\.|utson)* )*Chitwood|(M(\.|aybelle)* )Chitwood|(M(\.|abelle)* )Hutson|(M(\.|ay)* )(B(\.|elle)* )*Chitwood|(M(\.|)* )(B(\.|)* )*Chitwood|(M(\.|aebelle)* )Chitwood),,Chitwood,May,Belle Hutson,Q110242995
"Cochran, Doris Mable",Doris Mabel Cochran| Doris M. Cochran,Cochran,NMNH,,(D(\.|oris)* )(M(\.|able)* )*Cochran,((D(\.|oris)* )(M(\.|abel)* )*Cochran|(D(\.|oris)* )(M(\.|)* )*Cochran),,Cochran,Doris,Mable,Q521351
"Cohen, Jessie",Jessica Cohen| Anne Jessica Cohen| Ms. Cohen,Cohen,NZP,Richard Galloway,(J(\.|essie)* )Cohen,((J(\.|essica)* )Cohen|(A(\.|nne)* )(J(\.|essica)* )*Cohen|(M(\.|s)* )Cohen),(R(\.|ichard)* )Galloway,Cohen,Jessie,,
"Collins, Margaret James",Margaret Collins| Margaret James| Margaret Strickland| Dr. Margaret James Strickland Collins,James,NMNH,"Bernard Strickland, Herbert L. Collins",(M(\.|argaret)* )(J(\.|ames)* )*Collins,((M(\.|argaret)* )Collins|(M(\.|argaret)* )James|(M(\.|argaret)* )Strickland|(D(\.|r)* )(M(\.|argaret)* )*(J(\.|ames)* )*(S(\.|trickland)* )*Collins),(H(\.|erbert)* )(L(\.|)* )*(C(\.|ollins)* )*Bernard Strickland,Collins,Margaret,James,Q19662936
"Cooper, Josephine W.",Josephine Wells Cooper| Josephine Cooper| Mrs. Josephine G. Aurther Cooper| ,Wells,NMNH,Gustav Arthur Cooper,(J(\.|osephine)* )(W(\.|)* )*Cooper,,(G(\.|ustav)* )(A(\.|rthur)* )*Cooper,Cooper,Josephine,W,Q110227796
"Dandridge, Serena",Violet Dandridge| Serena Katherine Dandridge| Serena Catherine Dandridge| Miss Violet Dandridge,Dandridge,NMNH,,(S(\.|erena)* )Dandridge,((V(\.|iolet)* )Dandridge|(S(\.|erena)* )(K(\.|atherine)* )*Dandridge|(S(\.|erena)* )(C(\.|atherine)* )*Dandridge|(M(\.|iss)* )(V(\.|iolet)* )*Dandridge),,Dandridge,Serena,,Q56041985
"Denoyer Johnson, Muriel",Muriel Denoyer| Miss M. Muriel ,Denoyer,SAO,,(M(\.|uriel)* )Denoyer Johnson,((M(\.|uriel)* )Denoyer|(M(\.|iss)* )(M(\.|)* )*Muriel),,Denoyer Johnson,Muriel,,Q109588173
"Densmore, Frances",Frances Theresa Densmore| Frances Densmore,Densmore,NMNH,,(F(\.|rances)* )Densmore,((F(\.|rances)* )(T(\.|heresa)* )*Densmore|(F(\.|rances)* )Densmore),,Densmore,Frances,,Q469150
"Doyle, Aida M.",Aida M. Doyle| Miss Aida Mary Doyle| A. M. Doyle,Doyle,NMNH,,(A(\.|ida)* )(M(\.|)* )*Doyle,((A(\.|ida)* )(M(\.|)* )*Doyle|(M(\.|iss)* )(A(\.|ida)* )*(M(\.|ary)* )*Doyle|(A(\.|)* )(M(\.|)* )*Doyle),,Doyle,Aida,M,Q109588171
"Ensign, Inez A.",Miss Inez Ensign| Miss Inez A. Ensign ,Ensign ,SAO,,(I(\.|nez)* )(A(\.|)* )*Ensign,((M(\.|iss)* )(I(\.|nez)* )*Ensign|(M(\.|iss)* )(I(\.|nez)* )*(A(\.|)* )*Ensign),,Ensign,Inez,A,Q109588168
"Fish, Marie Poland",Marie Poland Fish| Marie Fish| M. P. Fish| Marie “Bobbie” Fish| Marie Dennis Poland Fish| Marie D. Poland ,Poland,NMNH,Dr. Charles Fish,(M(\.|arie)* )(P(\.|oland)* )*Fish,((M(\.|arie)* )(P(\.|oland)* )*Fish|(M(\.|arie)* )Fish|(M(\.|)* )(P(\.|)* )*Fish|(M(\.|arie)* )(“(\.|Bobbie”)* )*Fish|(M(\.|arie)* )(D(\.|ennis)* )*(P(\.|oland)* )*Fish|(M(\.|arie)* )(D(\.|)* )*Poland),(D(\.|r)* )(C(\.|harles)* )*Fish,Fish,Marie,Poland,Q41486582
"FitzHugh, Elisabeth West",Lis FitzHugh| Elisabeth West| Elisabeth FitzHugh,West,FSG,,(E(\.|lisabeth)* )(W(\.|est)* )*FitzHugh,((L(\.|is)* )FitzHugh|(E(\.|lisabeth)* )West|(E(\.|lisabeth)* )FitzHugh),,FitzHugh,Elisabeth,West,Q110551595
"Fletcher, Alice Cunningham",Alice Cunningham Fletcher| Alice Fletcher| Ms. Fletcher,Fletcher,NMNH,,(A(\.|lice)* )(C(\.|unningham)* )*Fletcher,((A(\.|lice)* )(C(\.|unningham)* )*Fletcher|(A(\.|lice)* )Fletcher|(M(\.|s)* )Fletcher),,Fletcher,Alice,Cunningham,Q4725807
"Fowle, Juliana Kugua",Juliana Kugua| Mrs. Fowle| Mrs. F. E. Fowle,Kugua,SAO,,(J(\.|uliana)* )(K(\.|ugua)* )*Fowle,((J(\.|uliana)* )Kugua|(M(\.|rs)* )Fowle|(M(\.|rs)* )(F(\.|)* )*(E(\.|)* )*Fowle),,Fowle,Juliana,Kugua,Q109588176
"Frisby, Florence Elizabeth",Miss F. E. Frisby| Miss Frisby| Florence Frisby,Frisby,SAO,,(F(\.|lorence)* )(E(\.|lizabeth)* )*Frisby,((M(\.|iss)* )(F(\.|)* )*(E(\.|)* )*Frisby|(M(\.|iss)* )Frisby|(F(\.|lorence)* )Frisby),,Frisby,Florence,Elizabeth,Q108491898
"Funk, Vicki Ann ",V. A. Funk| Victoria Ann Funk| Vicki Funk,,NMNH,,(V(\.|icki)* )(A(\.|nn)* )*Funk,((V(\.|)* )(A(\.|)* )*Funk|(V(\.|ictoria)* )(A(\.|nn)* )*Funk|(V(\.|icki)* )Funk),,Funk,Vicki,Ann,Q19060876
"Gallaher, Louisa Bernie",Bernie Gallaher| L.B. Gallaher,Gallaher,NMNH,,(L(\.|ouisa)* )(B(\.|ernie)* )*Gallaher,((B(\.|ernie)* )Gallaher|(L(\.|B)* )Gallaher),,Gallaher,Louisa,Bernie,Q107589105
"Gardner, Julia Anna",Julia Gardner| Julia A. Gardner| Julia Anna B. Gardener| J. A. Gardner,Gardner,USGS,,(J(\.|ulia)* )(A(\.|nna)* )*Gardner,((J(\.|ulia)* )Gardner|(J(\.|ulia)* )(A(\.|)* )*Gardner|(J(\.|ulia)* )(A(\.|nna)* )*(B(\.|)* )*Gardener|(J(\.|)* )(A(\.|)* )*Gardner),,Gardner,Julia,Anna,Q15999449
"Gill, Mary Wright",Mary Irvin Wright Gill| Mary Wright Gill| Mary Irvin Gill| Mary Irvin Wright| Mary Irwin Wright,Wright,NMNH,DeLancey Walker Gill,(M(\.|ary)* )(W(\.|right)* )*Gill,((M(\.|ary)* )(I(\.|rvin)* )*(W(\.|right)* )*Gill|(M(\.|ary)* )(W(\.|right)* )*Gill|(M(\.|ary)* )(I(\.|rvin)* )*Gill|(M(\.|ary)* )(I(\.|rvin)* )*Wright|(M(\.|ary)* )(I(\.|rwin)* )*Wright),(D(\.|eLancey)* )(W(\.|alker)* )*Gill,Gill,Mary,Wright,Q55228947
"Glance, Grace E.",Grace E. Glance| Grace Edna Glance,Glance,NMNH,,(G(\.|race)* )(E(\.|)* )*Glance,((G(\.|race)* )(E(\.|)* )*Glance|(G(\.|race)* )(E(\.|dna)* )*Glance),,Glance,Grace,E,Q69787738
"Graves, Florence A.",Florence Alberta Graves| Miss F. A. Graves| Miss Graves| Miss Florence A. Graves,Graves,SAO,,(F(\.|lorence)* )(A(\.|)* )*Graves,((F(\.|lorence)* )(A(\.|lberta)* )*Graves|(M(\.|iss)* )(F(\.|)* )*(A(\.|)* )*Graves|(M(\.|iss)* )Graves|(M(\.|iss)* )(F(\.|lorence)* )*(A(\.|)* )*Graves),,Graves,Florence,A,Q108476323
"Greeley, Olive ",Olive Adelia Troup,,SAO,Frederick Atwood Greeley,(O(\.|live)* )Greeley,((O(\.|live)* )(A(\.|delia)* )*Troup),(F(\.|rederick)* )(A(\.|twood)* )*Greeley,Greeley,Olive,,Q110227644
"Hill, Lena",Lena Beall Simpson Hill| Lena Beall Simpson| Miss Lena B. Simpson| Miss L. B. Simpson| Miss Simpson| Lena S. Hill| Mrs. Hill| Mrs. Lena Hill,Simpson,SAO,,(L(\.|ena)* )Hill,((L(\.|ena)* )(B(\.|eall)* )*(S(\.|impson)* )*Hill|(L(\.|ena)* )(B(\.|eall)* )*Simpson|(M(\.|iss)* )(L(\.|ena)* )*(B(\.|)* )*Simpson|(M(\.|iss)* )(L(\.|)* )*(B(\.|)* )*Simpson|(M(\.|iss)* )Simpson|(L(\.|ena)* )(S(\.|)* )*Hill|(M(\.|rs)* )Hill|(M(\.|rs)* )(L(\.|ena)* )*Hill),,Hill,Lena,,Q108459598
"Howard, JoGayle",JoGayle Dillon Howard,,NZP/SCBI,,(J(\.|oGayle)* )Howard,((J(\.|oGayle)* )(D(\.|illon)* )*Howard),,Howard,JoGayle,,Q16019095
"Hughes, Regina Olson",Regina Hughes| Regina O. Hughes,,NMNH,Frederick H. Hughes,(R(\.|egina)* )(O(\.|lson)* )*Hughes,((R(\.|egina)* )Hughes|(R(\.|egina)* )(O(\.|)* )*Hughes),(F(\.|rederick)* )(H(\.|)* )*Hughes,Hughes,Regina,Olson,Q20707260
"Jopling, Carol F.",Carol Farrington Jopling| Dr. Jopling,,STRI and BAE,,(C(\.|arol)* )(F(\.|)* )*Jopling,((C(\.|arol)* )(F(\.|arrington)* )*Jopling|(D(\.|r)* )Jopling),,Jopling,Carol,F,Q71431354
"Kleiman, Devra G.",Devra Gail Kleiman| Devra Kleiman,,NZP/SCBI,Ian Yeomans,(D(\.|evra)* )(G(\.|)* )*Kleiman,((D(\.|evra)* )(G(\.|ail)* )*Kleiman|(D(\.|evra)* )Kleiman),(I(\.|an)* )Yeomans,Kleiman,Devra,G,Q11248245
"Laybourne, Roxie Collie",Roxie Collie Simpson Laybourne| Roxie Laybourne| Roxie C. Laybourne| Roxie C Laybourne| R. C. Laybourne| R. Laybourne| R. Laybourne| Laybourne| Laybourne R| Laybourne R.| Laybourne R. C.| Laybourne RC| Roxie Collie,Collie,NMNH,Edgar G. Laybourne,(R(\.|oxie)* )(C(\.|ollie)* )*Laybourne,,(E(\.|dgar)* )(G(\.|)* )*Laybourne,Laybourne,Roxie,Collie,Q15920982
Lillian Moore Abbot,Lillian Elvira Moore Abbot| Lillian Moore| Lillian Abbot| Mrs. Abbot| Mrs. C. G. Abbot,,SAO,,(L(\.|illian)* )(M(\.|oore)* )*Abbot,((L(\.|illian)* )(E(\.|lvira)* )*(M(\.|oore)* )*Abbot|(L(\.|illian)* )Moore|(L(\.|illian)* )Abbot|(M(\.|rs)* )Abbot|(M(\.|rs)* )(C(\.|)* )*(G(\.|)* )*Abbot),,Abbot,Lillian,Moore,Q98687116
"Linares, Olga Francesca",Olga Francesca Linares| Dr. Olga Linares| Olga F. Linares,Linares,STRI,"Martin Moynihan, Fenwick C. Riley",(O(\.|lga)* )(F(\.|rancesca)* )*Linares,((O(\.|lga)* )(F(\.|rancesca)* )*Linares|(D(\.|r)* )(O(\.|lga)* )*Linares|(O(\.|lga)* )(F(\.|)* )*Linares),(F(\.|enwick)* )(C(\.|)* )*(R(\.|iley)* )*Martin Moynihan,Linares,Olga,Francesca,Q7086563
"Lutterlough, Sophie G.",Sophie G. Lutterlough| Sophie G. Mack,Mack,NMNH,Henry E. Lutterlough,(S(\.|ophie)* )(G(\.|)* )*Lutterlough,((S(\.|ophie)* )(G(\.|)* )*Lutterlough|(S(\.|ophie)* )(G(\.|)* )*Mack),(H(\.|enry)* )(E(\.|)* )*Lutterlough,Lutterlough,Sophie,G,Q28971409
"Mann, Lucile Quarry ",Lucile Mann| Lucile Quarry| Lucy Quarry Man| Lucy Mann,,NZP,William M. Mann,(L(\.|ucile)* )(Q(\.|uarry)* )*Mann,((L(\.|ucile)* )Mann|(L(\.|ucile)* )Quarry|(L(\.|ucy)* )(Q(\.|uarry)* )*Man|(L(\.|ucy)* )Mann),(W(\.|illiam)* )(M(\.|)* )*Mann,Mann,Lucile,Quarry,Q34649
Margaret Sordahl ,Margaret G. Froiland| M. Sordahl| Mrs. L. O. Sordahl ,Froiland ,SAO,Louis O. Sordahl,(M(\.|argaret)* )Sordahl,((M(\.|argaret)* )(G(\.|)* )*Froiland|(M(\.|)* )Sordahl|(M(\.|rs)* )(L(\.|)* )*(O(\.|)* )*Sordahl),(L(\.|ouis)* )(O(\.|)* )*Sordahl,Sordahl,Margaret,,Q110242315
Marion F. Willoughby,Marion F. Willoughby,,NMNH,,(M(\.|arion)* )(F(\.|)* )*Willoughby,((M(\.|arion)* )(F(\.|)* )*Willoughby),,Willoughby,Marion,F,Q109588178
"Marsden, Margaret A.",Miss M. Marsden| Miss Marsden ,Marsden,SAO,,(M(\.|argaret)* )(A(\.|)* )*Marsden,((M(\.|iss)* )(M(\.|)* )*Marsden|(M(\.|iss)* )Marsden),,Marsden,Margaret,A,Q110155583
"Marvin, Ursula B.",Ursula Bailey Marvin| Ursula Bailey| Ursula Marvin,Bailey ,SAO,Tom Marvin,(U(\.|rsula)* )(B(\.|)* )*Marvin,((U(\.|rsula)* )(B(\.|ailey)* )*Marvin|(U(\.|rsula)* )Bailey|(U(\.|rsula)* )Marvin),(T(\.|om)* )Marvin,Marvin,Ursula,B,Q7901220
"McCrane, Marion P.",Marion McCrane| Marion McCrane Wolanek| Marion M Wolanek| Marion Wolanek,McCrane,NZP,,(M(\.|arion)* )(P(\.|)* )*McCrane,((M(\.|arion)* )McCrane|(M(\.|arion)* )(M(\.|cCrane)* )*Wolanek|(M(\.|arion)* )(M(\.|)* )*Wolanek|(M(\.|arion)* )Wolanek),,McCrane,Marion,P,Q110444658
"McEwan, Eula Davis",Eula Davis McEwan| E. D. McEwan| Eula D. McEwan| Eula Grace Davis McEwan,Davis,NMNH,John Alvin McEwan,(E(\.|ula)* )(D(\.|avis)* )*McEwan,((E(\.|ula)* )(D(\.|avis)* )*McEwan|(E(\.|)* )(D(\.|)* )*McEwan|(E(\.|ula)* )(D(\.|)* )*McEwan|(E(\.|ula)* )(G(\.|race)* )*(D(\.|avis)* )*McEwan),(J(\.|ohn)* )(A(\.|lvin)* )*McEwan,McEwan,Eula,Davis,Q108535415
"McLaughlin, Patsy Ann",Patsy Ann McLaughlin| Dr. Patsy A. McLaughlin,McLaughlin,NMNH,Emmanuel J. McGeorge,(P(\.|atsy)* )(A(\.|nn)* )*McLaughlin,((P(\.|atsy)* )(A(\.|nn)* )*McLaughlin|(D(\.|r)* )(P(\.|atsy)* )*(A(\.|)* )*McLaughlin),(E(\.|mmanuel)* )(J(\.|)* )*McGeorge,McLaughlin,Patsy,Ann,Q21340495
"Meggers, Betty Jane",Betty Meggers| Dr. Betty Jane Meggers| ,Meggers,NMNH,Clifford Evans,(B(\.|etty)* )(J(\.|ane)* )*Meggers,,(C(\.|lifford)* )Evans,Meggers,Betty,Jane,Q4898926
"Merzbach, Uta Caecilia",Uta C. Merzbach| Uta Merzbach,,NMAH,,(U(\.|ta)* )(C(\.|aecilia)* )*Merzbach,((U(\.|ta)* )(C(\.|)* )*Merzbach|(U(\.|ta)* )Merzbach),,Merzbach,Uta,Caecilia,Q2804803
"Miller, Mary",Mary Farnham Miller| Mary F. Miller| Mary Miller,,NMNH,,(M(\.|ary)* )Miller,((M(\.|ary)* )(F(\.|arnham)* )*Miller|(M(\.|ary)* )(F(\.|)* )*Miller|(M(\.|ary)* )Miller),,Miller,Mary,,Q67186411
"Mitchell, Evelyn Groesbeeck",Evelyn Mitchell| Evelyn G. Mitchell| Miss Evelyn Mitchell ,Mitchell,NMNH,,(E(\.|velyn)* )(G(\.|roesbeeck)* )*Mitchell,((E(\.|velyn)* )Mitchell|(E(\.|velyn)* )(G(\.|)* )*Mitchell|(M(\.|iss)* )(E(\.|velyn)* )*Mitchell),,Mitchell,Evelyn,Groesbeeck,Q89810719
"Moodey, Margaret W.",Margaret Whittaker Moodey,Moodey,NMNH,,(M(\.|argaret)* )(W(\.|)* )*Moodey,((M(\.|argaret)* )(W(\.|hittaker)* )*Moodey),,Moodey,Margaret,W,Q107335292
Mrs. Moore,,,SAO,Alfred F. Moore,(M(\.|rs)* )Moore,,(A(\.|lfred)* )(F(\.|)* )*Moore,Moore,Mrs,,
"Parfin, Sophy Ivanova",Sophie Ivanova Parfin| Sophy I. Parfin| Sophy Parfin| Sophy Parfinowich ,Parfinowich,NMNH,,(S(\.|ophy)* )(I(\.|vanova)* )*Parfin,((S(\.|ophie)* )(I(\.|vanova)* )*Parfin|(S(\.|ophy)* )(I(\.|)* )*Parfin|(S(\.|ophy)* )Parfin|(S(\.|ophy)* )Parfinowich),,Parfin,Sophy,Ivanova,Q69787671
"Parker, Kittie Fenley",Kittie Lucille Fenley Parker| K. F. Parker| Kittie Parker| K. L. Parker,Fenley,NMNH,Kenneth Parker,(K(\.|ittie)* )(F(\.|enley)* )*Parker,((K(\.|ittie)* )(L(\.|ucille)* )*(F(\.|enley)* )*Parker|(K(\.|)* )(F(\.|)* )*Parker|(K(\.|ittie)* )Parker|(K(\.|)* )(L(\.|)* )*Parker),(K(\.|enneth)* )Parker,Parker,Kittie,Fenley,Q21522642
"Payne-Gaposchkin, Cecilia",Cecelia Helena Payne| Cecelia Payne,Payne,SAO,Sergei Gaposchkin,(C(\.|ecilia)* )Payne-Gaposchkin,((C(\.|ecelia)* )(H(\.|elena)* )*Payne|(C(\.|ecelia)* )Payne),(S(\.|ergei)* )Gaposchkin,Payne-Gaposchkin,Cecilia,,Q234909
"Perez Farfante, Isabel C. ",Isabel C. Canet| Isabel Pérez Farfante,Farante ,NMNH,Gerardo Canet Alvarez,(I(\.|sabel)* )(C(\.|)* )*Perez Farfante,((I(\.|sabel)* )(C(\.|)* )*Canet|(I(\.|sabel)* )(P(\.|erez)* )*Farfante),(G(\.|erardo)* )(C(\.|anet)* )*Alvarez,Perez Farfante,Isabel,C,Q6077744
"Pettibone, Marian H.",Marian Pettibone| Marilyn Pettibone| Marilyn Hope Pettibone| Marian Hope Pettibone,Pettibone,NMNH,,(M(\.|arian)* )(H(\.|)* )*Pettibone,((M(\.|arian)* )Pettibone|(M(\.|arilyn)* )Pettibone|(M(\.|arilyn)* )(H(\.|ope)* )*Pettibone|(M(\.|arian)* )(H(\.|ope)* )*Pettibone),,Pettibone,Marian,H,Q55264645
"Powell, Emma Dean",Emma Dean Powell| Emma Dean| Harriet Emma Dean,Dean,USGS,John Wesley Powell,(E(\.|mma)* )(D(\.|ean)* )*Powell,((E(\.|mma)* )(D(\.|ean)* )*Powell|(E(\.|mma)* )Dean|(H(\.|arriet)* )(E(\.|mma)* )*Dean),(J(\.|ohn)* )(W(\.|esley)* )*Powell,Powell,Emma,Dean,Q77074859
"Prichard, Nancy ",Nancy Montague  McCandlish Prichard| Nancy McCandlish| N. M. McCandlish| Miss Nancy M. McCandlish,,SAO,,(N(\.|ancy)* )Prichard,((N(\.|ancy)* )(M(\.|ontague)* )*(M(\.|cCandlish)* )*Prichard|(N(\.|ancy)* )McCandlish|(N(\.|)* )(M(\.|)* )*McCandlish|(M(\.|iss)* )(N(\.|ancy)* )*(M(\.|)* )*McCandlish),,Prichard,Nancy,,Q110042766
"Rathbun, Mary Jane",,,NMNH,,(M(\.|ary)* )(J(\.|ane)* )*Rathbun,,,Rathbun,Mary,Jane,Q2679156
"Reed, Sherry Anne",Sherry Anne Reed| Sherry Reed,Petry,NMNH,John Reed,(S(\.|herry)* )(A(\.|nne)* )*Reed,((S(\.|herry)* )(A(\.|nne)* )*Reed|(S(\.|herry)* )Reed),(J(\.|ohn)* )Reed,Reed,Sherry,Anne,Q110551737
"Reeside, Adelaide",Adelaide Corinna Quisenberry Reeside| Adelaide Corinna Reeside| Adelaide C. Reeside| Adelaide Quisenberry| Adelaide Quinsbery| Adelaide Quisenberry| Adelaide Quizenberry,Quisenberry,NMNH,John Bernard Reeside Jr. ,(A(\.|delaide)* )Reeside,((A(\.|delaide)* )(C(\.|orinna)* )*(Q(\.|uisenberry)* )*Reeside|(A(\.|delaide)* )(C(\.|orinna)* )*Reeside|(A(\.|delaide)* )(C(\.|)* )*Reeside|(A(\.|delaide)* )Quisenberry|(A(\.|delaide)* )Quinsbery|(A(\.|delaide)* )Quisenberry|(A(\.|delaide)* )Quizenberry),(J(\.|ohn)* )(B(\.|ernard)* )*(R(\.|eeside)* )*Jr,Reeside,Adelaide,,Q108491400
"Reining, Priscilla",Priscilla Reining| Priscilla Copeland Reining| Priscilla Alden Copeland Reining,Copeland,NMNH,Conrad C. Reining,(P(\.|riscilla)* )Reining,((P(\.|riscilla)* )Reining|(P(\.|riscilla)* )(C(\.|opeland)* )*Reining|(P(\.|riscilla)* )(A(\.|lden)* )*(C(\.|opeland)* )*Reining),(C(\.|onrad)* )(C(\.|)* )*Reining,Reining,Priscilla,,Q7245621
"Rhoderick, Maude C.",Miss M. C. Rhoderick,Rhoderick ,SAO,,(M(\.|aude)* )(C(\.|)* )*Rhoderick,((M(\.|iss)* )(M(\.|)* )*(C(\.|)* )*Rhoderick),,Rhoderick,Maude,C,Q108537739
"Rice, Mary E.",Mary E. Rice| Dr. Mary Esther Rice,Rice,NMNH,,(M(\.|ary)* )(E(\.|)* )*Rice,((M(\.|ary)* )(E(\.|)* )*Rice|(D(\.|r)* )(M(\.|ary)* )*(E(\.|sther)* )*Rice),,Rice,Mary,E,Q34953876
"Richwine, Beth Ann",Beth Richwine| Beth Ann Richwine,Richwine,NMAH,Randall Cleaver,(B(\.|eth)* )(A(\.|nn)* )*Richwine,((B(\.|eth)* )Richwine|(B(\.|eth)* )(A(\.|nn)* )*Richwine),(R(\.|andall)* )Cleaver,Richwine,Beth,Ann,Q110551601
"Ripley, Suzanne",Suzanne Ripley| Dr. Suzanne Ripley,Ripley,NZP,"Derrick B. Thomas, Dr. F. Raymond Fosberg",(S(\.|uzanne)* )Ripley,((S(\.|uzanne)* )Ripley|(D(\.|r)* )(S(\.|uzanne)* )*Ripley),(D(\.|r)* )(F(\.|)* )*(R(\.|aymond)* )*(F(\.|osberg)* )*Derrick B Thomas,Ripley,Suzanne,,Q110445706
"Rose, Carolyn L. ",Carolyn L. Rose| Carolyn Rose,,NMNH,"Horace Rose, David von Endt",(C(\.|arolyn)* )(L(\.|)* )*Rose,((C(\.|arolyn)* )(L(\.|)* )*Rose|(C(\.|arolyn)* )Rose),(D(\.|avid)* )(v(\.|on)* )*(E(\.|ndt)* )*Horace Rose,Rose,Carolyn,L,Q67413805
"Rudd, Velva Elaine",Velva Elaine Rudd| V. E. Rudd| Velva Rudd,,NMNH,,(V(\.|elva)* )(E(\.|laine)* )*Rudd,((V(\.|elva)* )(E(\.|laine)* )*Rudd|(V(\.|)* )(E(\.|)* )*Rudd|(V(\.|elva)* )Rudd),,Rudd,Velva,Elaine,Q6160123
Ruth Freeman,,,SAO,Hugh B. Freeman,(R(\.|uth)* )Freeman,,(H(\.|ugh)* )(B(\.|)* )*Freeman,Freeman,Ruth,,
"Sachet, Marie-Hélène",Marie-Helene Sachet| Sachet| M.-H. Sachet,,NMNH,,(M(\.|arie-Helene)* )Sachet,,,Sachet,Marie-Helene,,Q5998141
"Santiago, Margaret A.",MarGueritte Santiago| Margaret Santiago| Margaret Walker Santiago,,NMNH,,(M(\.|argaret)* )(A(\.|)* )*Santiago,((M(\.|arGueritte)* )Santiago|(M(\.|argaret)* )Santiago|(M(\.|argaret)* )(W(\.|alker)* )*Santiago),,Santiago,Margaret,A,Q62056159
"Schantz, Viola",Viola Shelly Schantz| Viola Shelly Shantz| V. S. Schantz| Viola Schantz Snyder| Viola S. Schantz,Schantz,NMNH,,(V(\.|iola)* )Schantz,((V(\.|iola)* )(S(\.|helly)* )*Schantz|(V(\.|iola)* )(S(\.|helly)* )*Shantz|(V(\.|)* )(S(\.|)* )*Schantz|(V(\.|iola)* )(S(\.|chantz)* )*Snyder|(V(\.|iola)* )(S(\.|)* )*Schantz),,Schantz,Viola,,Q7933039
"Scott, Catherine ",Kitty Scott. Kitty D. Scott| Catherine D. Scott,Scott,NASM,,(C(\.|atherine)* )Scott,((K(\.|itty)* )(S(\.|cott)* )*(K(\.|itty)* )*(D(\.|)* )*Scott|(C(\.|atherine)* )(D(\.|)* )*Scott),,Scott,Catherine,,Q110551596
"Scott, M.L.",,,SAO,,(M(\.|L)* )Scott,,,Scott,ML,,
"Searle, Harriet Richardson",Harriet Richardson Searle,Richardson ,NMNH,William D Searle,(H(\.|arriet)* )(R(\.|ichardson)* )*Searle,((H(\.|arriet)* )(R(\.|ichardson)* )*Searle),(W(\.|illiam)* )(D(\.|)* )*Searle,Searle,Harriet,Richardson,Q16750599
"Simplson, Lucile",,,NMNH,,(L(\.|ucile)* )Simplson,,,Simplson,Lucile,,
"Smith, Erminnie",Erminnie Adele Platt Smith| Erminnie Smith,Platt,NMNH,Simeon H. Smith,(E(\.|rminnie)* )Smith,((E(\.|rminnie)* )(A(\.|dele)* )*(P(\.|latt)* )*Smith|(E(\.|rminnie)* )Smith),(S(\.|imeon)* )(H(\.|)* )*Smith,Smith,Erminnie,,Q6787501
"Smith, Jean Chandler",Jean Smith | Jean C. Smith,,SI Archives ,,(J(\.|ean)* )(C(\.|handler)* )*Smith,((J(\.|ean)* )Smith|(J(\.|ean)* )(C(\.|)* )*Smith),,Smith,Jean,Chandler,Q15432071
"St. Hoyme, Lucile E.",Lucille E. St. Hoyme| Lucille St. Hoyme| Lucile E. Hoyme,,NMNH,,(L(\.|ucile)* )(E(\.|)* )*St Hoyme,((L(\.|ucille)* )(E(\.|)* )*(S(\.|t)* )*Hoyme|(L(\.|ucille)* )(S(\.|t)* )*Hoyme|(L(\.|ucile)* )(E(\.|)* )*Hoyme),,St Hoyme,Lucile,E,Q70139671
"Stevenson, Matilda Coxe",Matilda Coxe Stevenson| Tilly E. Stevenson| Matilda Stevenson| Matilda Coxe Evans,Evans,NMNH,James Stevenson,(M(\.|atilda)* )(C(\.|oxe)* )*Stevenson,((M(\.|atilda)* )(C(\.|oxe)* )*Stevenson|(T(\.|illy)* )(E(\.|)* )*Stevenson|(M(\.|atilda)* )Stevenson|(M(\.|atilda)* )(C(\.|oxe)* )*Evans),(J(\.|ames)* )Stevenson,Stevenson,Matilda,Coxe,Q5392494
"Stirling Pugh, Marion ",Marion Illig Stirling Pugh| Marion Pugh| Mrs. Stirling| Mrs. Marion Stirling,Illig,NMNH,"Mathew Stirling, John Ramsey Pugh",(M(\.|arion)* )Stirling Pugh,((M(\.|arion)* )(I(\.|llig)* )*(S(\.|tirling)* )*Pugh|(M(\.|arion)* )Pugh|(M(\.|rs)* )Stirling|(M(\.|rs)* )(M(\.|arion)* )*Stirling),(J(\.|ohn)* )(R(\.|amsey)* )*(P(\.|ugh)* )*Mathew Stirling,Stirling Pugh,Marion,,Q70139675
"Stroman, Nettie L.",,,NZP,,(N(\.|ettie)* )(L(\.|)* )*Stroman,,,Stroman,Nettie,L,Q110227431
"Thompson, Ellen Powell",Ellen Louella Powell Thompson| Nellie Powell Thompson| Ellen Powell| Mrs A. P. Thompson| Mrs Almon Harris Thompson| Mrs A. H. Thompson| Mrs Almon Powell Thompson| E. L. P. Thompson| E. P. Thompson ,Powell,USGS,Almon Harris Thompson,(E(\.|llen)* )(P(\.|owell)* )*Thompson,((E(\.|llen)* )(L(\.|ouella)* )*(P(\.|owell)* )*Thompson|(N(\.|ellie)* )(P(\.|owell)* )*Thompson|(E(\.|llen)* )Powell|(M(\.|rs)* )(A(\.|)* )*(P(\.|)* )*Thompson|(M(\.|rs)* )(A(\.|lmon)* )*(H(\.|arris)* )*Thompson|(M(\.|rs)* )(A(\.|)* )*(H(\.|)* )*Thompson|(M(\.|rs)* )(A(\.|lmon)* )*(P(\.|owell)* )*Thompson|(E(\.|)* )(L(\.|)* )*(P(\.|)* )*Thompson|(E(\.|)* )(P(\.|)* )*Thompson),(A(\.|lmon)* )(H(\.|arris)* )*Thompson,Thompson,Ellen,Powell,Q62570763
"Turner, Amelia",,,NMNH,,(A(\.|melia)* )Turner,,,Turner,Amelia,,
"Walcott, Mary Vaux",Mary Vaux Morris Walcott| Mrs. Walcott| Mrs. Charles D. Walcott| Mrs. C. D. Walcott| Mrs. Charles Doolittle Walcott,Vaux,SI,Charles Doolittle Walcott,(M(\.|ary)* )(V(\.|aux)* )*Walcott,((M(\.|ary)* )(V(\.|aux)* )*(M(\.|orris)* )*Walcott|(M(\.|rs)* )Walcott|(M(\.|rs)* )(C(\.|harles)* )*(D(\.|)* )*Walcott|(M(\.|rs)* )(C(\.|)* )*(D(\.|)* )*Walcott|(M(\.|rs)* )(C(\.|harles)* )*(D(\.|oolittle)* )*Walcott),(C(\.|harles)* )(D(\.|oolittle)* )*Walcott,Walcott,Mary,Vaux,Q6780882
"Walker, Alta",Kathy Walker| A. S. Walker,,NASM,,(A(\.|lta)* )Walker,((K(\.|athy)* )Walker|(A(\.|)* )(S(\.|)* )*Walker),,Walker,Alta,,Q110551600
"Walker, Esther S.",Esther Schefstad Walker|  Esther Schefstad| Esther Walker| Mrs. Esther S. Walker ,Walker,NZP,,(E(\.|sther)* )(S(\.|)* )*Walker,((E(\.|sther)* )(S(\.|chefstad)* )*Walker|(E(\.|sther)* )Schefstad|(E(\.|sther)* )Walker|(M(\.|rs)* )(E(\.|sther)* )*(S(\.|)* )*Walker),,Walker,Esther,S,Q109588175
"Warner Spilman, Rose Ella",Rose Ella Warner| Rose Ella Spilman,Warner,NMNH,Theodore James Spilman,(R(\.|ose)* )(E(\.|lla)* )*Warner Spilman,((R(\.|ose)* )(E(\.|lla)* )*Warner|(R(\.|ose)* )(E(\.|lla)* )*Spilman),(T(\.|heodore)* )(J(\.|ames)* )*Spilman,Warner Spilman,Rose,Ella,Q110315492
"Warner, Constance Philpitt",Contance P. Warner| Constance Warner ,,NZP,Carden Warner,(C(\.|onstance)* )(P(\.|hilpitt)* )*Warner,((C(\.|ontance)* )(P(\.|)* )*Warner|(C(\.|onstance)* )Warner),(C(\.|arden)* )Warner,Warner,Constance,Philpitt,Q110165926
"Weaver, Esther",Miss Esther Weaver,Weaver,SAO,,(E(\.|sther)* )Weaver,((M(\.|iss)* )(E(\.|sther)* )*Weaver),,Weaver,Esther,,Q109588170
"Wedel, Mildred Mott",Mildred Mott Wedel| Mildred Mott ,Mott,NMNH,Waldo Rudolph Wedel,(M(\.|ildred)* )(M(\.|ott)* )*Wedel,((M(\.|ildred)* )(M(\.|ott)* )*Wedel|(M(\.|ildred)* )Mott),(W(\.|aldo)* )(R(\.|udolph)* )*Wedel,Wedel,Mildred,Mott,Q64619823
"Wieser, Francisca",Francisca Weiser| Francesca Weiser,,NMNH,,(F(\.|rancisca)* )Wieser,((F(\.|rancisca)* )Weiser|(F(\.|rancesca)* )Weiser),,Wieser,Francisca,,Q109588165
"Wilson, Mildred Stratton",Mildred Wilson| Mildred E Stratton,Stratton,NMNH,Charles Wilson,(M(\.|ildred)* )(S(\.|tratton)* )*Wilson,((M(\.|ildred)* )Wilson|(M(\.|ildred)* )(E(\.|)* )*Stratton),(C(\.|harles)* )Wilson,Wilson,Mildred,Stratton,Q27829065
"Withrow, Alice ",Alice Phillips| Alice Phillips Withrow| Dr. Withrow| Dr. Alice Withrow| Mrs. Alice P. Withrow| Alice P. Withrow ,Phillips,SAO/RBL,Robert Bruce Withrow,(A(\.|lice)* )Withrow,((A(\.|lice)* )Phillips|(A(\.|lice)* )(P(\.|hillips)* )*Withrow|(D(\.|r)* )Withrow|(D(\.|r)* )(A(\.|lice)* )*Withrow|(M(\.|rs)* )(A(\.|lice)* )*(P(\.|)* )*Withrow|(A(\.|lice)* )(P(\.|)* )*Withrow),(R(\.|obert)* )(B(\.|ruce)* )*Withrow,Withrow,Alice,,Q110155583